Model,BatchSize,AvgLatency_ms,AvgRAM_MB,AvgCPU_Percent
FP32,16,6502.436876296997,5961.795758928572,10.571428571428571
INT8,16,4670.941693442209,7728.652901785715,12.1
